symbol,side,entry_time,entry_price,exit_time,exit_price,reason,pnl,label
MEME/USDT,SHORT,2025-07-07 14:19:17,0.001536,2025-07-07 14:35:10,0.001522,TP1,0.009115,1
WIF/USDT,LONG,2025-07-07 13:49:05,0.853600,2025-07-07 15:13:19,0.847900,TP1,-0.006678,1
WIF/USDT,LONG,2025-07-07 14:41:46,0.840500,2025-07-07 15:26:28,0.850100,TP2,0.011422,1
POPCAT/USDT,LONG,2025-07-07 15:35:41,0.294000,2025-07-07 15:37:00,0.292300,SL,-0.005782,0
SOL/USDT,LONG,2025-07-07 13:58:10,152.770000,2025-07-07 15:47:25,151.360000,SL,-0.009230,0
POPCAT/USDT,LONG,2025-07-07 15:43:33,0.292400,2025-07-07 16:03:23,0.289600,SL,-0.009576,0
POPCAT/USDT,SHORT,2025-07-07 16:04:41,0.290600,2025-07-07 16:09:57,0.292200,SL,-0.005506,0
ETH/USDT,LONG,2025-07-07 13:48:56,2556.790000,2025-07-07 16:21:35,2516.310000,TP1,-0.015832,1
XRP/USDT,LONG,2025-07-07 15:26:23,2.339400,2025-07-07 16:21:39,2.322600,SL,-0.007181,0
DOGE/USDT,LONG,2025-07-07 13:55:37,0.169780,2025-07-07 16:21:41,0.167150,SL,-0.015491,0
POPCAT/USDT,LONG,2025-07-07 16:15:12,0.290900,2025-07-07 16:21:45,0.289100,SL,-0.006188,0
LINK/USDT,LONG,2025-07-07 15:26:31,13.546000,2025-07-07 16:21:46,13.425000,SL,-0.008933,0
ALGO/USDT,SHORT,2025-07-07 14:30:00,0.176100,2025-07-07 16:21:48,0.174300,TP1,0.010221,1
ZRX/USDT,LONG,2025-07-07 13:57:03,0.219800,2025-07-07 16:21:49,0.217200,SL,-0.011829,0
LDO/USDT,SHORT,2025-07-07 14:08:55,0.740400,2025-07-07 16:21:51,0.727300,SL,0.017693,1
MEME/USDT,SHORT,2025-07-07 16:23:01,0.001515,2025-07-07 16:26:58,0.001524,SL,-0.005941,0
POPCAT/USDT,SHORT,2025-07-08 09:02:51,0.282000,2025-07-08 09:06:47,0.283500,SL,-0.005319,0
CAKE/USDT,SHORT,2025-07-08 09:02:46,2.244700,2025-07-08 10:14:57,2.256200,SL,-0.005123,0
MEME/USDT,LONG,2025-07-08 09:21:10,0.001497,2025-07-08 10:17:39,0.001511,TP1,0.009352,1
WIF/USDT,SHORT,2025-07-08 10:05:50,0.841000,2025-07-08 10:17:40,0.846100,SL,-0.006064,0
POPCAT/USDT,LONG,2025-07-08 09:08:06,0.283500,2025-07-08 10:17:41,0.286200,TP1,0.009524,1
ZRX/USDT,LONG,2025-07-08 09:39:40,0.215200,2025-07-08 10:17:45,0.217000,TP1,0.008364,1
OP/USDT,LONG,2025-07-08 09:43:38,0.533100,2025-07-08 10:24:20,0.537400,TP1,0.008066,1
ALGO/USDT,LONG,2025-07-08 08:36:39,0.173600,2025-07-08 10:37:25,0.175000,TP1,0.008065,1
DOGE/USDT,LONG,2025-07-08 09:18:32,0.168570,2025-07-08 10:43:52,0.169970,TP1,0.008305,1
POPCAT/USDT,SHORT,2025-07-08 12:04:00,0.287000,2025-07-08 12:10:34,0.288600,SL,-0.005575,0
ETH/USDT,SHORT,2025-07-08 12:15:53,2576.750000,2025-07-08 12:19:49,2573.940000,TP3,0.001091,1
BNB/USDT,SHORT,2025-07-08 12:17:13,661.450000,2025-07-08 12:19:51,661.190000,TP2,0.000393,1
LDO/USDT,SHORT,2025-07-08 12:16:09,0.720700,2025-07-08 12:20:06,0.717000,TP3,0.005134,1
DOGE/USDT,SHORT,2025-07-08 12:20:16,0.171050,2025-07-08 12:21:35,0.170760,TP2,0.001695,1
DOGE/USDT,SHORT,2025-07-08 12:21:35,0.171050,2025-07-08 12:25:32,0.170650,TP3,0.002338,1
POPCAT/USDT,LONG,2025-07-08 12:20:20,0.288800,2025-07-08 12:25:35,0.287000,SL,-0.006233,0
BNB/USDT,SHORT,2025-07-08 12:20:11,661.450000,2025-07-08 12:26:45,661.000000,TP3,0.000680,1
WIF/USDT,LONG,2025-07-08 12:20:19,0.846700,2025-07-08 12:28:12,0.841900,SL,-0.005669,0
XRP/USDT,SHORT,2025-07-08 12:20:14,2.290500,2025-07-08 12:34:41,2.302700,SL,-0.005326,0
ALGO/USDT,SHORT,2025-07-08 12:25:38,0.175600,2025-07-08 12:41:23,0.176500,SL,-0.005125,0
OP/USDT,LONG,2025-07-08 12:20:25,0.542500,2025-07-08 12:53:15,0.544300,TP3,0.003318,1
WIF/USDT,LONG,2025-07-08 12:21:38,0.846700,2025-07-08 12:58:23,0.851900,TP1,0.006141,1
MEME/USDT,LONG,2025-07-08 12:47:52,0.001521,2025-07-08 12:59:41,0.001529,TP1,0.005260,1
WIF/USDT,LONG,2025-07-08 12:22:57,0.846700,2025-07-08 13:03:38,0.853400,TP2,0.007913,1
POPCAT/USDT,LONG,2025-07-08 12:21:39,0.288800,2025-07-08 13:04:58,0.291200,TP1,0.008310,1
ETH/USDT,SHORT,2025-07-08 12:28:03,2571.450000,2025-07-08 13:07:26,2584.470000,SL,-0.005063,0
MEME/USDT,LONG,2025-07-08 12:49:11,0.001521,2025-07-08 13:07:33,0.001533,TP2,0.007890,1
WIF/USDT,LONG,2025-07-08 12:24:15,0.846700,2025-07-08 13:25:57,0.855900,TP3,0.010866,1
POPCAT/USDT,LONG,2025-07-08 12:22:58,0.288800,2025-07-08 13:35:09,0.286500,SL,-0.007964,0
OP/USDT,LONG,2025-07-08 12:21:44,0.542500,2025-07-08 13:37:52,0.542900,SL,0.000737,1
ALGO/USDT,SHORT,2025-07-08 12:26:57,0.175600,2025-07-08 13:45:42,0.177600,TP1,-0.011390,1
MEME/USDT,LONG,2025-07-08 12:50:29,0.001521,2025-07-08 13:46:56,0.001538,TP3,0.011177,1
ALGO/USDT,SHORT,2025-07-08 12:28:16,0.175600,2025-07-08 13:47:01,0.178000,TP2,-0.013667,1
ZRX/USDT,LONG,2025-07-08 12:20:24,0.218100,2025-07-08 13:47:02,0.219900,TP1,0.008253,1
LINK/USDT,LONG,2025-07-08 12:20:21,13.496000,2025-07-08 13:57:30,13.612000,TP1,0.008595,1
WIF/USDT,LONG,2025-07-08 12:25:34,0.846700,2025-07-08 14:01:24,0.846600,SL,-0.000118,0
OP/USDT,LONG,2025-07-08 12:23:03,0.542500,2025-07-08 14:01:30,0.545500,SL,0.005530,1
MEME/USDT,LONG,2025-07-08 12:51:49,0.001521,2025-07-08 14:05:19,0.001528,SL,0.004602,1
ETH/USDT,SHORT,2025-07-08 12:29:22,2571.450000,2025-07-08 14:18:19,2570.660000,SL,0.000307,1
SOL/USDT,LONG,2025-07-08 12:20:13,151.680000,2025-07-08 14:24:55,150.910000,SL,-0.005076,0
DOGE/USDT,SHORT,2025-07-08 12:22:54,0.171050,2025-07-08 14:24:59,0.168940,SL,0.012336,1
ALGO/USDT,SHORT,2025-07-08 12:29:34,0.175600,2025-07-08 14:25:05,0.175700,SL,-0.000569,0
XRP/USDT,LONG,2025-07-08 14:53:33,2.295600,2025-07-08 14:53:33,2.281900,SL,-0.005968,0
POPCAT/USDT,LONG,2025-07-08 14:53:39,0.284100,2025-07-08 14:53:39,0.279900,SL,-0.014784,0
ZRX/USDT,LONG,2025-07-08 14:53:43,0.218100,2025-07-08 14:53:43,0.216900,SL,-0.005502,0
LINK/USDT,LONG,2025-07-08 14:53:41,13.496000,2025-07-08 14:56:19,13.424000,SL,-0.005335,0
XRP/USDT,LONG,2025-07-08 15:04:38,2.282100,2025-07-08 15:17:49,2.295700,TP1,0.005959,1
CAKE/USDT,LONG,2025-07-08 15:04:39,2.270200,2025-07-08 15:25:44,2.258400,SL,-0.005198,0
DOGE/USDT,LONG,2025-07-08 15:17:51,0.169890,2025-07-08 15:25:45,0.169010,SL,-0.005180,0
BNB/USDT,SHORT,2025-07-08 15:04:36,661.060000,2025-07-08 15:29:37,657.660000,TP1,0.005143,1
OP/USDT,LONG,2025-07-08 15:07:28,0.535600,2025-07-08 15:29:51,0.531800,SL,-0.007095,0
OP/USDT,LONG,2025-07-08 15:47:45,0.535700,2025-07-08 16:08:51,0.532600,SL,-0.005787,0
SOL/USDT,LONG,2025-07-08 15:39:38,150.330000,2025-07-08 16:11:16,149.550000,SL,-0.005189,0
WIF/USDT,LONG,2025-07-08 15:59:32,0.837100,2025-07-08 16:11:23,0.831700,SL,-0.006451,0
BNB/USDT,SHORT,2025-07-08 15:35:40,661.060000,2025-07-08 16:12:34,657.390000,TP2,0.005552,1
WIF/USDT,LONG,2025-07-08 16:00:51,0.837100,2025-07-08 16:21:55,0.838000,SL,0.001075,1
ZRX/USDT,LONG,2025-07-08 15:46:24,0.217300,2025-07-08 16:22:00,0.218400,TP1,0.005062,1
OP/USDT,LONG,2025-07-08 15:49:04,0.535700,2025-07-08 16:22:01,0.536800,TP1,0.002053,1
MEME/USDT,LONG,2025-07-08 15:42:21,0.001501,2025-07-08 16:23:12,0.001511,TP1,0.006662,1
OP/USDT,LONG,2025-07-08 15:50:23,0.535700,2025-07-08 16:23:20,0.537100,TP2,0.002613,1
POPCAT/USDT,LONG,2025-07-08 15:35:49,0.279700,2025-07-08 16:24:34,0.282200,TP1,0.008938,1
LINK/USDT,LONG,2025-07-08 15:47:41,13.489000,2025-07-08 16:24:35,13.559000,TP1,0.005189,1
MEME/USDT,LONG,2025-07-08 15:43:40,0.001501,2025-07-08 16:25:50,0.001517,TP2,0.010660,1
ALGO/USDT,LONG,2025-07-08 15:35:51,0.175100,2025-07-08 16:25:55,0.176000,TP1,0.005140,1
LDO/USDT,LONG,2025-07-08 15:39:52,0.705800,2025-07-08 16:25:59,0.711200,TP1,0.007651,1
ETH/USDT,LONG,2025-07-08 15:47:29,2565.590000,2025-07-08 16:27:02,2578.680000,TP1,0.005102,1
SOL/USDT,LONG,2025-07-08 15:40:57,150.330000,2025-07-08 16:27:04,150.400000,SL,0.000466,1
MEME/USDT,LONG,2025-07-08 15:44:59,0.001501,2025-07-08 16:27:09,0.001520,TP3,0.012658,1
WIF/USDT,LONG,2025-07-08 16:02:10,0.837100,2025-07-08 16:27:11,0.846900,TP1,0.011707,1
ZRX/USDT,LONG,2025-07-08 15:47:43,0.217300,2025-07-08 16:27:16,0.219100,TP2,0.008283,1
OP/USDT,LONG,2025-07-08 15:51:44,0.535700,2025-07-08 16:27:17,0.539200,TP3,0.006534,1
LDO/USDT,LONG,2025-07-08 15:41:11,0.705800,2025-07-08 16:27:18,0.713600,TP2,0.011051,1
ETH/USDT,LONG,2025-07-09 07:56:51,2565.590000,2025-07-09 07:56:51,2623.500000,TP3,0.022572,1
XRP/USDT,LONG,2025-07-09 07:56:55,2.282100,2025-07-09 07:56:55,2.331300,TP3,0.021559,1
CAKE/USDT,LONG,2025-07-09 07:56:56,2.260300,2025-07-09 07:56:56,2.293600,TP3,0.014733,1
DOGE/USDT,LONG,2025-07-09 07:56:58,0.169390,2025-07-09 07:56:58,0.171850,TP3,0.014523,1
MEME/USDT,LONG,2025-07-09 07:56:59,0.001517,2025-07-09 07:56:59,0.001561,TP3,0.029005,1
WIF/USDT,LONG,2025-07-09 07:57:00,0.840700,2025-07-09 07:57:00,0.851300,TP2,0.012609,1
POPCAT/USDT,LONG,2025-07-09 07:57:02,0.279700,2025-07-09 07:57:02,0.297200,TP3,0.062567,1
LINK/USDT,LONG,2025-07-09 07:57:03,13.489000,2025-07-09 07:57:03,14.143000,TP3,0.048484,1
ALGO/USDT,LONG,2025-07-09 07:57:04,0.175100,2025-07-09 07:57:04,0.182900,TP3,0.044546,1
ZRX/USDT,LONG,2025-07-09 07:57:06,0.217300,2025-07-09 07:57:06,0.225800,TP3,0.039116,1
LDO/USDT,LONG,2025-07-09 07:57:08,0.705800,2025-07-09 07:57:08,0.728100,TP3,0.031595,1
WIF/USDT,LONG,2025-07-09 07:58:20,0.840700,2025-07-09 08:36:35,0.852900,TP3,0.014512,1
ZRX/USDT,LONG,2025-07-09 07:58:25,0.225800,2025-07-09 08:47:13,0.227100,TP1,0.005757,1
ZRX/USDT,LONG,2025-07-09 07:59:44,0.225800,2025-07-09 08:49:51,0.227500,TP2,0.007529,1
OP/USDT,LONG,2025-07-09 07:58:26,0.551700,2025-07-09 08:51:12,0.554900,TP1,0.005800,1
ETH/USDT,SHORT,2025-07-09 08:07:24,2623.700000,2025-07-09 09:01:30,2610.310000,TP1,0.005103,1
ETH/USDT,SHORT,2025-07-09 08:08:43,2623.700000,2025-07-09 09:10:43,2607.390000,TP2,0.006216,1
ETH/USDT,SHORT,2025-07-09 08:10:02,2623.700000,2025-07-09 09:12:02,2604.840000,TP3,0.007188,1
LINK/USDT,LONG,2025-07-09 08:01:00,14.145000,2025-07-09 09:16:11,14.073000,SL,-0.005090,0
OP/USDT,LONG,2025-07-09 07:59:45,0.551700,2025-07-09 09:25:28,0.548500,SL,-0.005800,0
WIF/USDT,LONG,2025-07-09 07:59:39,0.840700,2025-07-09 09:33:16,0.846700,SL,0.007137,1
POPCAT/USDT,SHORT,2025-07-09 08:16:51,0.294400,2025-07-09 09:33:17,0.291400,TP1,0.010190,1
WIF/USDT,LONG,2025-07-09 08:00:58,0.840700,2025-07-09 09:49:06,0.852200,SL,0.013679,1
WIF/USDT,LONG,2025-07-09 08:02:17,0.840700,2025-07-09 09:55:41,0.856900,TP1,0.019270,1
LDO/USDT,LONG,2025-07-09 08:03:43,0.728700,2025-07-09 10:07:40,0.724100,SL,-0.006313,0
MEME/USDT,LONG,2025-07-09 07:58:18,0.001560,2025-07-09 10:08:51,0.001569,TP1,0.005769,1
XRP/USDT,SHORT,2025-07-09 07:58:14,2.330300,2025-07-09 10:11:25,2.345600,SL,-0.006566,0
OP/USDT,LONG,2025-07-09 08:01:04,0.551700,2025-07-09 10:43:24,0.551000,SL,-0.001269,0
ZRX/USDT,LONG,2025-07-09 08:01:03,0.225800,2025-07-09 11:00:37,0.227600,TP3,0.007972,1
MEME/USDT,LONG,2025-07-09 07:59:37,0.001560,2025-07-09 11:01:50,0.001575,TP2,0.009615,1
DOGE/USDT,SHORT,2025-07-09 08:10:09,0.171880,2025-07-09 11:04:26,0.172810,SL,-0.005411,0
POPCAT/USDT,SHORT,2025-07-09 08:18:10,0.294400,2025-07-09 11:07:08,0.297900,SL,-0.011889,0
MEME/USDT,LONG,2025-07-09 08:00:56,0.001560,2025-07-09 11:08:27,0.001578,TP3,0.011538,1
WIF/USDT,LONG,2025-07-09 08:03:36,0.840700,2025-07-09 11:08:28,0.858900,TP2,0.021649,1
LDO/USDT,LONG,2025-07-09 08:05:03,0.728700,2025-07-09 11:11:14,0.733400,TP1,0.006450,1
ETH/USDT,SHORT,2025-07-09 08:11:22,2623.700000,2025-07-09 11:12:17,2622.840000,TP1,0.000328,1
OP/USDT,LONG,2025-07-09 08:02:23,0.551700,2025-07-09 11:12:32,0.553600,TP1,0.003444,1
LDO/USDT,LONG,2025-07-09 08:06:22,0.728700,2025-07-09 11:12:34,0.734500,TP2,0.007959,1
XRP/USDT,SHORT,2025-07-09 11:14:10,2.354700,2025-07-09 11:16:49,2.371900,SL,-0.007305,0
ALGO/USDT,LONG,2025-07-09 11:14:19,0.183000,2025-07-09 11:18:17,0.184100,TP1,0.006011,1
WIF/USDT,LONG,2025-07-09 11:14:15,0.852000,2025-07-09 11:30:05,0.860900,TP3,0.010446,1
ZRX/USDT,LONG,2025-07-09 11:14:21,0.227600,2025-07-09 11:40:42,0.226300,SL,-0.005712,0
ALGO/USDT,LONG,2025-07-09 11:15:38,0.183000,2025-07-09 11:44:38,0.184300,TP2,0.007104,1
SOL/USDT,SHORT,2025-07-09 11:14:09,152.840000,2025-07-09 11:45:47,153.630000,SL,-0.005169,0
ALGO/USDT,LONG,2025-07-09 11:16:58,0.183000,2025-07-09 11:45:57,0.185200,TP3,0.012022,1
ETH/USDT,LONG,2025-07-09 11:14:06,2609.260000,2025-07-09 11:47:03,2626.470000,TP2,0.006596,1
OP/USDT,LONG,2025-07-09 11:14:22,0.550600,2025-07-09 11:47:19,0.554400,TP2,0.006902,1
LDO/USDT,LONG,2025-07-09 11:14:23,0.729000,2025-07-09 11:47:20,0.736300,TP3,0.010014,1
ETH/USDT,LONG,2025-07-09 11:15:26,2609.260000,2025-07-09 12:08:09,2630.840000,TP3,0.008271,1
OP/USDT,LONG,2025-07-09 11:15:41,0.550600,2025-07-09 12:08:24,0.556500,TP3,0.010716,1
BTC/USDT,SHORT,2025-07-09 11:14:05,108729.300000,2025-07-09 12:10:46,109353.400000,SL,-0.005740,0
LINK/USDT,LONG,2025-07-09 11:14:18,14.009000,2025-07-09 12:14:58,14.092000,TP1,0.005925,1
CAKE/USDT,SHORT,2025-07-09 11:14:11,2.293100,2025-07-09 12:20:09,2.305100,SL,-0.005233,0
LINK/USDT,LONG,2025-07-09 11:15:37,14.009000,2025-07-09 12:20:16,14.117000,TP3,0.007709,1
MEME/USDT,LONG,2025-07-09 12:17:33,0.001574,2025-07-09 12:25:28,0.001585,TP1,0.006989,1
MEME/USDT,LONG,2025-07-09 12:18:52,0.001574,2025-07-09 12:34:43,0.001588,TP2,0.008895,1
XRP/USDT,SHORT,2025-07-09 13:39:39,2.390600,2025-07-09 13:42:18,2.376600,TP1,0.005856,1
XRP/USDT,SHORT,2025-07-09 13:40:58,2.390600,2025-07-09 13:43:37,2.372500,TP2,0.007571,1
ETH/USDT,SHORT,2025-07-09 13:49:57,2659.720000,2025-07-09 13:49:57,2673.390000,SL,-0.005140,0
ALGO/USDT,SHORT,2025-07-09 13:50:10,0.188400,2025-07-09 13:51:29,0.187200,TP1,0.006369,1
WIF/USDT,SHORT,2025-07-09 13:50:06,0.868300,2025-07-09 13:56:43,0.860400,TP1,0.009098,1
XRP/USDT,SHORT,2025-07-09 13:50:01,2.390600,2025-07-09 13:59:17,2.365900,TP3,0.010332,1
WIF/USDT,SHORT,2025-07-09 13:51:25,0.868300,2025-07-09 14:00:41,0.859000,TP2,0.010711,1
WIF/USDT,SHORT,2025-07-09 13:52:44,0.868300,2025-07-09 14:03:19,0.855800,TP3,0.014396,1
SOL/USDT,SHORT,2025-07-09 13:49:59,154.210000,2025-07-09 14:04:32,153.350000,TP1,0.005577,1
LINK/USDT,SHORT,2025-07-09 13:50:08,14.106000,2025-07-09 14:04:41,14.032000,TP1,0.005246,1
ALGO/USDT,SHORT,2025-07-09 13:51:29,0.188400,2025-07-09 14:04:43,0.186600,TP2,0.009554,1
LDO/USDT,SHORT,2025-07-09 13:50:14,0.746500,2025-07-09 14:19:18,0.753100,SL,-0.008841,0
SOL/USDT,SHORT,2025-07-09 13:51:19,154.210000,2025-07-09 14:25:39,155.420000,SL,-0.007846,0
OP/USDT,SHORT,2025-07-09 13:50:12,0.560000,2025-07-09 14:25:52,0.564500,SL,-0.008036,0
MEME/USDT,LONG,2025-07-09 13:50:05,0.001574,2025-07-09 14:31:02,0.001565,SL,-0.005718,0
LINK/USDT,SHORT,2025-07-09 13:51:28,14.106000,2025-07-09 14:31:06,13.951000,TP3,0.010988,1
ALGO/USDT,SHORT,2025-07-09 13:52:48,0.188400,2025-07-09 14:31:07,0.185900,TP3,0.013270,1
WIF/USDT,LONG,2025-07-09 15:57:01,0.857000,2025-07-09 16:11:31,0.864400,TP1,0.008635,1
WIF/USDT,LONG,2025-07-09 15:58:20,0.857000,2025-07-09 16:12:50,0.867900,TP2,0.012719,1
POPCAT/USDT,LONG,2025-07-09 16:04:57,0.297200,2025-07-09 16:12:52,0.300500,TP1,0.011104,1
ETH/USDT,SHORT,2025-07-09 15:39:41,2646.600000,2025-07-09 16:19:17,2661.600000,SL,-0.005668,0
SOL/USDT,SHORT,2025-07-09 16:08:47,153.770000,2025-07-09 16:19:19,154.570000,SL,-0.005203,0
DOGE/USDT,LONG,2025-07-09 15:27:53,0.172830,2025-07-09 16:19:23,0.173750,TP1,0.005323,1
BTC/USDT,LONG,2025-07-10 06:43:12,108952.700000,2025-07-10 06:43:12,111093.600000,TP3,0.019650,1
BNB/USDT,SHORT,2025-07-10 06:43:15,661.060000,2025-07-10 06:43:15,670.300000,SL,-0.013978,0
DOGE/USDT,LONG,2025-07-10 06:43:21,0.172830,2025-07-10 06:43:21,0.180500,TP3,0.044379,1
MEME/USDT,LONG,2025-07-10 06:43:23,0.001567,2025-07-10 06:43:23,0.001641,TP3,0.047224,1
WIF/USDT,LONG,2025-07-10 06:43:24,0.857000,2025-07-10 06:43:24,0.950300,TP3,0.108868,1
POPCAT/USDT,LONG,2025-07-10 06:43:26,0.297200,2025-07-10 06:43:26,0.334600,TP3,0.125841,1
LINK/USDT,SHORT,2025-07-10 06:43:27,13.999000,2025-07-10 06:43:27,14.279000,SL,-0.020001,0
OP/USDT,SHORT,2025-07-10 06:43:31,0.557800,2025-07-10 06:43:31,0.590600,SL,-0.058802,0
LDO/USDT,LONG,2025-07-10 06:43:33,0.748600,2025-07-10 06:43:33,0.788800,TP3,0.053700,1
XRP/USDT,LONG,2025-07-10 07:23:24,2.419300,2025-07-10 07:24:46,2.432500,TP1,0.005456,1
XRP/USDT,LONG,2025-07-10 07:24:46,2.419300,2025-07-10 07:26:07,2.436100,TP2,0.006944,1
XRP/USDT,LONG,2025-07-10 07:26:07,2.419300,2025-07-10 07:35:04,2.437700,TP3,0.007606,1
ALGO/USDT,LONG,2025-07-10 07:41:30,0.194300,2025-07-10 07:44:13,0.195600,TP1,0.006691,1
WIF/USDT,LONG,2025-07-10 08:09:20,0.960000,2025-07-10 08:35:11,0.967200,TP1,0.007500,1
WIF/USDT,LONG,2025-07-10 08:10:41,0.960000,2025-07-10 08:36:32,0.971200,TP2,0.011667,1
POPCAT/USDT,SHORT,2025-07-10 08:09:21,0.336300,2025-07-10 08:37:55,0.339500,SL,-0.009515,0
LINK/USDT,SHORT,2025-07-10 08:09:22,14.386000,2025-07-10 08:37:57,14.462000,SL,-0.005283,0
ALGO/USDT,LONG,2025-07-10 08:09:24,0.194300,2025-07-10 08:37:58,0.196000,TP3,0.008749,1
SOL/USDT,SHORT,2025-07-10 08:09:12,158.060000,2025-07-10 08:44:35,159.080000,SL,-0.006453,0
WIF/USDT,LONG,2025-07-10 08:12:03,0.960000,2025-07-10 08:46:03,0.975300,TP3,0.015937,1
POPCAT/USDT,LONG,2025-07-10 09:08:01,0.339600,2025-07-10 09:08:01,0.344400,TP1,0.014134,1
POPCAT/USDT,LONG,2025-07-10 09:09:22,0.339600,2025-07-10 09:09:22,0.344900,TP2,0.015607,1
OP/USDT,SHORT,2025-07-10 09:22:45,0.592200,2025-07-10 09:36:21,0.595300,SL,-0.005235,0
CAKE/USDT,LONG,2025-07-10 09:54:06,2.389700,2025-07-10 10:03:38,2.375300,SL,-0.006026,0
OP/USDT,LONG,2025-07-10 10:05:57,0.591900,2025-07-10 10:12:40,0.588700,SL,-0.005406,0
BNB/USDT,LONG,2025-07-10 10:05:42,673.050000,2025-07-10 10:13:45,669.410000,SL,-0.005408,0
SOL/USDT,SHORT,2025-07-10 10:16:27,158.450000,2025-07-10 11:04:05,157.250000,TP1,0.007573,1
LDO/USDT,SHORT,2025-07-10 11:30:08,0.792000,2025-07-10 11:34:14,0.778400,TP3,0.017172,1
MEME/USDT,LONG,2025-07-10 11:29:58,0.001664,2025-07-10 11:40:52,0.001654,SL,-0.006010,0
XRP/USDT,SHORT,2025-07-10 11:29:54,2.445200,2025-07-10 11:46:14,2.457700,SL,-0.005112,0
DOGE/USDT,LONG,2025-07-10 11:29:57,0.181090,2025-07-10 12:03:51,0.180160,SL,-0.005136,0
LINK/USDT,SHORT,2025-07-10 11:30:03,14.400000,2025-07-10 12:03:56,14.292000,TP1,0.007500,1
MEME/USDT,LONG,2025-07-10 11:31:20,0.001664,2025-07-10 12:09:17,0.001654,SL,-0.006010,0
OP/USDT,LONG,2025-07-10 11:30:07,0.592600,2025-07-10 12:17:33,0.589300,SL,-0.005569,0
ZRX/USDT,LONG,2025-07-10 11:30:05,0.235300,2025-07-10 12:18:53,0.234100,SL,-0.005100,0
POPCAT/USDT,LONG,2025-07-10 11:30:01,0.339600,2025-07-10 12:33:44,0.336600,SL,-0.008834,0
BNB/USDT,LONG,2025-07-10 11:29:51,670.220000,2025-07-10 12:54:00,670.990000,TP2,0.001149,1
OP/USDT,LONG,2025-07-10 11:31:29,0.592600,2025-07-10 13:02:27,0.596700,TP1,0.006919,1
LDO/USDT,SHORT,2025-07-10 11:31:30,0.792000,2025-07-10 13:18:49,0.780500,TP1,0.014520,1
WIF/USDT,LONG,2025-07-10 12:07:57,0.970100,2025-07-10 13:21:23,0.984300,TP1,0.014638,1
OP/USDT,LONG,2025-07-10 11:32:51,0.592600,2025-07-10 13:28:18,0.601200,TP2,0.014512,1
ETH/USDT,SHORT,2025-07-10 11:29:50,2774.840000,2025-07-10 13:45:43,2790.750000,SL,-0.005734,0
CAKE/USDT,SHORT,2025-07-10 11:43:32,2.381600,2025-07-10 13:45:50,2.395300,SL,-0.005752,0
SOL/USDT,SHORT,2025-07-10 11:29:53,158.450000,2025-07-10 13:59:23,156.750000,TP2,0.010729,1
DOGE/USDT,LONG,2025-07-10 11:31:18,0.181090,2025-07-10 14:02:11,0.179330,SL,-0.009719,0
XRP/USDT,SHORT,2025-07-10 11:31:16,2.445200,2025-07-10 14:06:13,2.418100,TP1,0.011083,1
LINK/USDT,SHORT,2025-07-10 11:31:24,14.400000,2025-07-10 14:06:22,14.242000,TP2,0.010972,1
ALGO/USDT,SHORT,2025-07-10 11:34:10,0.194800,2025-07-10 14:06:23,0.192500,TP1,0.011807,1
ZRX/USDT,LONG,2025-07-10 11:31:27,0.235300,2025-07-10 14:25:28,0.233500,SL,-0.007650,0
SOL/USDT,SHORT,2025-07-10 11:31:14,158.450000,2025-07-10 14:26:37,156.270000,TP3,0.013758,1
LINK/USDT,SHORT,2025-07-10 11:32:46,14.400000,2025-07-10 14:28:08,14.216000,TP3,0.012778,1
MEME/USDT,LONG,2025-07-10 11:32:42,0.001664,2025-07-10 14:30:46,0.001674,TP1,0.006010,1
ETH/USDT,SHORT,2025-07-10 14:50:32,2758.750000,2025-07-10 14:53:10,2776.510000,SL,-0.006438,0
BTC/USDT,SHORT,2025-07-15 13:36:38,111193.300000,2025-07-15 13:36:38,118050.000000,SL,-0.061665,0
BNB/USDT,LONG,2025-07-15 13:36:41,670.220000,2025-07-15 13:36:41,684.110000,TP3,0.020725,1
XRP/USDT,SHORT,2025-07-15 13:36:44,2.444500,2025-07-15 13:36:44,2.915800,SL,-0.192800,0
MEME/USDT,SHORT,2025-07-15 13:36:47,0.001695,2025-07-15 13:36:47,0.001781,SL,-0.050737,0
WIF/USDT,LONG,2025-07-15 13:36:49,0.970100,2025-07-15 13:36:49,1.033500,TP3,0.065354,1
ALGO/USDT,SHORT,2025-07-15 13:36:53,0.194800,2025-07-15 13:36:53,0.288100,SL,-0.478953,0
OP/USDT,LONG,2025-07-15 13:36:55,0.590500,2025-07-15 13:36:55,0.662500,TP3,0.121931,1
LDO/USDT,LONG,2025-07-15 13:36:56,0.771600,2025-07-15 13:36:56,0.858900,TP3,0.113142,1
CAKE/USDT,SHORT,2025-07-15 13:47:07,2.383300,2025-07-15 13:48:28,2.395500,SL,-0.005119,0
XRP/USDT,SHORT,2025-07-15 14:34:42,2.897500,2025-07-15 14:43:17,2.870500,TP1,0.009318,1
CAKE/USDT,SHORT,2025-07-15 13:48:28,2.383300,2025-07-15 14:43:18,2.371600,SL,0.004909,1
POPCAT/USDT,SHORT,2025-07-15 14:34:50,0.372800,2025-07-15 14:43:25,0.364600,TP1,0.021996,1
LINK/USDT,LONG,2025-07-15 14:34:51,15.555000,2025-07-15 14:43:27,15.354000,SL,-0.012922,0
OP/USDT,SHORT,2025-07-15 14:34:56,0.664900,2025-07-15 14:43:32,0.656000,TP1,0.013385,1
LDO/USDT,SHORT,2025-07-15 14:34:57,0.860100,2025-07-15 14:43:34,0.845700,TP1,0.016742,1
LDO/USDT,SHORT,2025-07-15 14:36:23,0.860100,2025-07-15 14:45:00,0.845300,TP2,0.017207,1
SOL/USDT,LONG,2025-07-15 14:40:23,160.290000,2025-07-15 14:46:06,159.050000,SL,-0.007736,0
BTC/USDT,SHORT,2025-07-15 14:34:36,117320.100000,2025-07-15 14:51:42,116550.100000,TP1,0.006563,1
WIF/USDT,LONG,2025-07-15 14:34:49,1.030200,2025-07-15 14:51:55,1.007200,SL,-0.022326,0
OP/USDT,SHORT,2025-07-15 14:36:21,0.664900,2025-07-15 14:52:02,0.651700,TP2,0.019853,1
LDO/USDT,SHORT,2025-07-15 14:37:50,0.860100,2025-07-15 14:52:04,0.837900,TP3,0.025811,1
BTC/USDT,SHORT,2025-07-15 14:35:59,117320.100000,2025-07-15 14:53:05,116280.700000,TP2,0.008860,1
ETH/USDT,SHORT,2025-07-15 14:44:37,3017.560000,2025-07-15 14:53:07,2985.030000,TP1,0.010780,1
XRP/USDT,SHORT,2025-07-15 14:36:06,2.897500,2025-07-15 14:53:11,2.859500,TP2,0.013115,1
CAKE/USDT,LONG,2025-07-15 14:34:43,2.390400,2025-07-15 14:53:13,2.355600,TP1,-0.014558,1
POPCAT/USDT,SHORT,2025-07-15 14:36:16,0.372800,2025-07-15 14:53:19,0.362600,TP2,0.027361,1
LINK/USDT,LONG,2025-07-15 14:36:17,15.555000,2025-07-15 14:53:21,15.265000,TP1,-0.018644,1
BTC/USDT,SHORT,2025-07-15 14:37:25,117320.100000,2025-07-15 14:54:29,116168.300000,TP3,0.009818,1
ETH/USDT,SHORT,2025-07-15 14:46:03,3017.560000,2025-07-15 14:55:54,2981.160000,TP2,0.012063,1
BNB/USDT,SHORT,2025-07-15 14:38:55,681.660000,2025-07-15 14:55:56,678.160000,TP1,0.005135,1
XRP/USDT,SHORT,2025-07-15 14:37:33,2.897500,2025-07-15 14:55:59,2.850500,TP3,0.016221,1
POPCAT/USDT,SHORT,2025-07-15 14:37:42,0.372800,2025-07-15 14:56:07,0.360300,TP3,0.033530,1
OP/USDT,SHORT,2025-07-15 14:37:49,0.664900,2025-07-15 14:56:13,0.649100,TP3,0.023763,1
WIF/USDT,SHORT,2025-07-15 15:25:45,1.001500,2025-07-15 15:31:02,1.024300,SL,-0.022766,0
BTC/USDT,LONG,2025-07-16 06:42:17,116178.500000,2025-07-16 06:42:17,118247.300000,TP3,0.017807,1
ETH/USDT,SHORT,2025-07-16 06:42:18,3017.560000,2025-07-16 06:42:18,3153.740000,SL,-0.045129,0
BNB/USDT,SHORT,2025-07-16 06:42:19,681.660000,2025-07-16 06:42:19,690.730000,SL,-0.013306,0
SOL/USDT,SHORT,2025-07-16 06:42:21,158.290000,2025-07-16 06:42:21,163.600000,SL,-0.033546,0
CAKE/USDT,SHORT,2025-07-16 06:46:56,2.374200,2025-07-16 06:46:56,2.439000,SL,-0.027293,0
LINK/USDT,SHORT,2025-07-16 06:47:03,15.406000,2025-07-16 06:47:03,16.085000,SL,-0.044074,0
LDO/USDT,LONG,2025-07-16 06:47:08,0.838900,2025-07-16 06:47:08,0.911500,TP3,0.086542,1
OP/USDT,SHORT,2025-07-16 06:49:08,0.702600,2025-07-16 07:18:14,0.707600,SL,-0.007116,0
LDO/USDT,LONG,2025-07-16 07:19:24,0.914100,2025-07-16 07:20:43,0.921700,TP1,0.008314,1
LINK/USDT,LONG,2025-07-16 07:19:19,16.120000,2025-07-16 07:21:57,16.206000,TP1,0.005335,1
LDO/USDT,LONG,2025-07-16 07:20:43,0.914100,2025-07-16 07:27:19,0.924100,TP2,0.010940,1
LINK/USDT,LONG,2025-07-16 07:20:38,16.120000,2025-07-16 07:33:49,16.251000,TP2,0.008127,1
LINK/USDT,LONG,2025-07-16 07:34:45,16.120000,2025-07-16 07:34:45,16.273000,TP3,0.009491,1
LDO/USDT,LONG,2025-07-16 07:34:50,0.914100,2025-07-16 07:34:50,0.926600,TP3,0.013675,1
POPCAT/USDT,LONG,2025-07-16 07:55:42,0.372200,2025-07-16 07:55:42,0.377000,TP2,0.012896,1
XRP/USDT,LONG,2025-07-16 08:55:48,2.934700,2025-07-16 09:01:06,2.960900,TP3,0.008928,1
DOGE/USDT,LONG,2025-07-16 08:55:51,0.199240,2025-07-16 09:01:09,0.200270,TP1,0.005170,1
WIF/USDT,SHORT,2025-07-16 08:55:54,1.081000,2025-07-16 09:06:28,1.090600,SL,-0.008881,0
DOGE/USDT,LONG,2025-07-16 08:57:11,0.199240,2025-07-16 09:10:23,0.200740,TP2,0.007529,1
DOGE/USDT,LONG,2025-07-16 08:58:30,0.199240,2025-07-16 09:14:20,0.201200,TP3,0.009837,1
CAKE/USDT,LONG,2025-07-16 08:55:50,2.441100,2025-07-16 09:24:51,2.454700,TP1,0.005571,1
LDO/USDT,SHORT,2025-07-16 08:56:01,0.915700,2025-07-16 09:26:22,0.908700,TP1,0.007644,1
CAKE/USDT,LONG,2025-07-16 08:57:10,2.441100,2025-07-16 09:34:05,2.459200,TP2,0.007415,1
ZRX/USDT,LONG,2025-07-16 08:55:59,0.269400,2025-07-16 09:34:14,0.271000,TP1,0.005939,1
CAKE/USDT,LONG,2025-07-16 08:58:29,2.441100,2025-07-16 09:35:24,2.462700,TP3,0.008848,1
LDO/USDT,SHORT,2025-07-16 08:57:21,0.915700,2025-07-16 09:42:11,0.905500,TP2,0.011139,1
MEME/USDT,LONG,2025-07-16 08:55:52,0.001889,2025-07-16 09:43:21,0.001872,SL,-0.008999,0
CAKE/USDT,LONG,2025-07-16 08:59:48,2.441100,2025-07-16 09:52:33,2.472900,SL,0.013027,1
LINK/USDT,LONG,2025-07-16 09:38:09,16.433000,2025-07-16 10:04:43,16.552000,TP1,0.007242,1
MEME/USDT,LONG,2025-07-16 08:57:12,0.001889,2025-07-16 10:33:49,0.001864,SL,-0.013235,0
ZRX/USDT,LONG,2025-07-16 08:57:19,0.269400,2025-07-16 10:33:55,0.267800,SL,-0.005939,0
LDO/USDT,SHORT,2025-07-16 08:58:41,0.915700,2025-07-16 10:33:58,0.901800,TP3,0.015180,1
LDO/USDT,SHORT,2025-07-16 10:43:04,0.908100,2025-07-16 10:53:42,0.902200,TP1,0.006497,1
OP/USDT,SHORT,2025-07-16 10:43:03,0.709400,2025-07-16 10:57:41,0.703200,TP1,0.008740,1
WIF/USDT,SHORT,2025-07-16 11:56:43,1.082700,2025-07-16 11:56:43,1.108900,SL,-0.024199,0
CAKE/USDT,SHORT,2025-07-16 11:57:43,2.447100,2025-07-16 12:00:21,2.460800,SL,-0.005598,0
ZRX/USDT,LONG,2025-07-16 12:00:30,0.268200,2025-07-16 12:05:46,0.269600,TP1,0.005220,1
MEME/USDT,LONG,2025-07-16 11:57:45,0.001892,2025-07-16 12:08:18,0.001910,TP1,0.009514,1
CAKE/USDT,SHORT,2025-07-16 11:59:02,2.447100,2025-07-16 12:16:10,2.452900,SL,-0.002370,0
ALGO/USDT,SHORT,2025-07-16 11:57:50,0.282700,2025-07-16 12:21:34,0.280200,TP1,0.008843,1
MEME/USDT,LONG,2025-07-16 11:59:04,0.001892,2025-07-16 12:30:45,0.001916,TP2,0.012685,1
WIF/USDT,LONG,2025-07-16 12:04:22,1.107500,2025-07-16 12:30:46,1.130500,TP2,0.020767,1
XRP/USDT,SHORT,2025-07-16 11:57:41,2.946600,2025-07-16 12:33:20,2.962800,SL,-0.005498,0
LDO/USDT,SHORT,2025-07-16 11:57:54,0.908100,2025-07-16 12:37:32,0.913700,SL,-0.006167,0
OP/USDT,SHORT,2025-07-16 11:57:53,0.709400,2025-07-16 12:42:48,0.718200,SL,-0.012405,0
DOGE/USDT,LONG,2025-07-16 13:01:07,0.201900,2025-07-16 13:03:46,0.200890,SL,-0.005002,0
ETH/USDT,LONG,2025-07-16 13:01:01,3158.740000,2025-07-16 13:08:56,3176.970000,TP1,0.005771,1
ALGO/USDT,SHORT,2025-07-16 13:23:34,0.282700,2025-07-16 13:23:34,0.285400,SL,-0.009551,0
CAKE/USDT,LONG,2025-07-16 13:23:27,2.461000,2025-07-16 13:31:21,2.448300,SL,-0.005161,0
WIF/USDT,LONG,2025-07-16 13:23:31,1.107500,2025-07-16 13:31:25,1.095100,SL,-0.011196,0
ZRX/USDT,LONG,2025-07-16 13:23:36,0.268200,2025-07-16 13:31:30,0.266700,SL,-0.005593,0
ETH/USDT,LONG,2025-07-16 13:23:22,3158.740000,2025-07-16 13:39:10,3181.530000,TP2,0.007215,1
BTC/USDT,LONG,2025-07-16 13:23:20,118917.700000,2025-07-16 13:43:07,118311.300000,SL,-0.005099,0
ZRX/USDT,LONG,2025-07-16 13:24:55,0.268200,2025-07-16 13:43:22,0.266200,TP1,-0.007457,1
ETH/USDT,LONG,2025-07-16 13:24:41,3158.740000,2025-07-16 13:48:24,3191.210000,TP3,0.010279,1
LDO/USDT,SHORT,2025-07-16 13:38:08,0.911100,2025-07-16 13:48:41,0.919900,SL,-0.009659,0
OP/USDT,SHORT,2025-07-16 13:23:37,0.713100,2025-07-16 13:59:12,0.719500,SL,-0.008975,0
DOGE/USDT,SHORT,2025-07-16 14:24:11,0.199680,2025-07-16 14:32:08,0.201340,SL,-0.008313,0
LINK/USDT,LONG,2025-07-16 14:24:16,16.433000,2025-07-16 14:32:14,16.648000,TP2,0.013083,1
OP/USDT,LONG,2025-07-16 14:24:20,0.719200,2025-07-16 14:32:18,0.727900,TP1,0.012097,1
LDO/USDT,LONG,2025-07-16 14:24:22,0.917200,2025-07-16 14:32:19,0.926600,TP1,0.010249,1
SOL/USDT,LONG,2025-07-16 14:24:07,166.840000,2025-07-16 14:33:24,167.840000,TP1,0.005994,1
LINK/USDT,LONG,2025-07-16 14:25:36,16.433000,2025-07-16 14:33:33,16.753000,TP3,0.019473,1
ZRX/USDT,SHORT,2025-07-16 14:24:19,0.267600,2025-07-16 14:33:36,0.269800,SL,-0.008221,0
OP/USDT,LONG,2025-07-16 14:25:40,0.719200,2025-07-16 14:33:37,0.735600,TP3,0.022803,1
LDO/USDT,LONG,2025-07-16 14:25:41,0.917200,2025-07-16 14:33:38,0.932900,TP2,0.017117,1
SOL/USDT,LONG,2025-07-17 06:56:27,166.840000,2025-07-17 06:56:27,173.710000,TP3,0.041177,1
CAKE/USDT,LONG,2025-07-17 06:56:30,2.468100,2025-07-17 06:56:30,2.558400,TP3,0.036587,1
MEME/USDT,LONG,2025-07-17 06:56:32,0.001892,2025-07-17 06:56:32,0.002048,TP3,0.082452,1
ZRX/USDT,LONG,2025-07-17 06:56:38,0.269800,2025-07-17 06:56:38,0.272600,TP1,0.010378,1
LDO/USDT,LONG,2025-07-17 06:56:41,0.917200,2025-07-17 06:59:19,0.935000,TP3,0.019407,1
WIF/USDT,SHORT,2025-07-17 06:56:33,1.097200,2025-07-17 07:01:49,1.069900,TP1,0.024882,1
WIF/USDT,SHORT,2025-07-17 06:57:52,1.097200,2025-07-17 07:03:09,1.065600,TP2,0.028801,1
MEME/USDT,SHORT,2025-07-17 07:00:29,0.002047,2025-07-17 07:09:42,0.002026,TP1,0.010259,1
WIF/USDT,SHORT,2025-07-17 06:59:11,1.097200,2025-07-17 07:20:17,1.059100,TP3,0.034725,1
DOGE/USDT,SHORT,2025-07-17 07:01:47,0.211380,2025-07-17 07:21:33,0.209800,TP1,0.007475,1
MEME/USDT,SHORT,2025-07-17 07:01:48,0.002047,2025-07-17 07:21:35,0.002015,TP2,0.015633,1
LDO/USDT,LONG,2025-07-17 06:58:00,0.917200,2025-07-17 07:33:35,0.940000,SL,0.024858,1
OP/USDT,SHORT,2025-07-17 07:25:40,0.698900,2025-07-17 07:36:12,0.705600,SL,-0.009586,0
POPCAT/USDT,LONG,2025-07-17 07:17:40,0.401700,2025-07-17 07:37:26,0.407200,TP1,0.013692,1
ZRX/USDT,LONG,2025-07-17 06:57:57,0.269800,2025-07-17 07:41:27,0.273200,TP2,0.012602,1
WIF/USDT,SHORT,2025-07-17 07:00:30,1.097200,2025-07-17 07:46:38,1.075000,TP1,0.020233,1
POPCAT/USDT,LONG,2025-07-17 07:18:59,0.401700,2025-07-17 07:49:18,0.409800,TP2,0.020164,1
WIF/USDT,SHORT,2025-07-17 07:01:49,1.097200,2025-07-17 07:54:33,1.083100,TP2,0.012851,1
POPCAT/USDT,LONG,2025-07-17 07:20:18,0.401700,2025-07-17 07:54:34,0.414200,TP3,0.031118,1
MEME/USDT,SHORT,2025-07-17 07:03:07,0.002047,2025-07-17 08:10:22,0.002069,SL,-0.010747,0
WIF/USDT,SHORT,2025-07-17 07:03:09,1.097200,2025-07-17 08:11:43,1.088100,TP3,0.008294,1
LDO/USDT,LONG,2025-07-17 06:59:19,0.917200,2025-07-17 08:11:50,0.952300,TP1,0.038269,1
DOGE/USDT,SHORT,2025-07-17 08:24:39,0.211380,2025-07-17 08:24:39,0.213180,SL,-0.008515,0
ALGO/USDT,LONG,2025-07-17 08:24:45,0.288800,2025-07-17 08:31:21,0.292600,TP1,0.013158,1
ALGO/USDT,LONG,2025-07-17 08:26:04,0.288800,2025-07-17 08:36:37,0.293700,TP3,0.016967,1
ALGO/USDT,LONG,2025-07-17 08:27:23,0.288800,2025-07-17 08:53:44,0.296200,SL,0.025623,1
MEME/USDT,SHORT,2025-07-17 08:37:51,0.002039,2025-07-17 09:04:12,0.002065,SL,-0.012751,0
DOGE/USDT,SHORT,2025-07-17 08:25:58,0.212600,2025-07-17 09:06:49,0.214040,SL,-0.006773,0
ZRX/USDT,LONG,2025-07-17 08:24:46,0.269800,2025-07-17 09:08:15,0.274500,TP3,0.017420,1
CAKE/USDT,SHORT,2025-07-17 08:37:48,2.557200,2025-07-17 09:09:26,2.577400,SL,-0.007899,0
POPCAT/USDT,LONG,2025-07-17 08:56:20,0.412700,2025-07-17 09:09:31,0.418600,TP1,0.014296,1
WIF/USDT,LONG,2025-07-17 08:24:41,1.081500,2025-07-17 09:22:45,1.092700,TP1,0.010356,1
WIF/USDT,LONG,2025-07-17 08:26:00,1.081500,2025-07-17 09:30:44,1.100000,TP2,0.017106,1
LDO/USDT,LONG,2025-07-17 08:24:49,0.940300,2025-07-17 09:32:12,0.956200,TP2,0.016909,1
WIF/USDT,LONG,2025-07-17 08:27:20,1.081500,2025-07-17 09:37:21,1.107000,TP3,0.023578,1
OP/USDT,LONG,2025-07-17 09:06:58,0.716800,2025-07-17 09:37:28,0.725100,TP1,0.011579,1
LDO/USDT,LONG,2025-07-17 08:26:08,0.940300,2025-07-17 09:38:48,0.959500,TP3,0.020419,1
ZRX/USDT,LONG,2025-07-17 08:26:06,0.269800,2025-07-17 09:42:43,0.276400,TP1,0.024463,1
OP/USDT,LONG,2025-07-17 09:08:17,0.716800,2025-07-17 09:42:44,0.726900,TP2,0.014090,1
POPCAT/USDT,LONG,2025-07-17 08:57:39,0.412700,2025-07-17 09:43:58,0.421500,TP2,0.021323,1
ZRX/USDT,LONG,2025-07-17 08:27:25,0.269800,2025-07-17 10:40:49,0.272800,SL,0.011119,1
MEME/USDT,SHORT,2025-07-17 08:39:09,0.002039,2025-07-17 10:44:41,0.002036,TP1,0.001471,1
WIF/USDT,LONG,2025-07-17 08:28:39,1.081500,2025-07-17 10:44:42,1.089700,SL,0.007582,1
LDO/USDT,LONG,2025-07-17 08:27:27,0.940300,2025-07-17 10:44:49,0.946800,SL,0.006913,1
XRP/USDT,SHORT,2025-07-17 11:11:43,3.243900,2025-07-17 11:11:43,3.277500,SL,-0.010358,0
CAKE/USDT,LONG,2025-07-17 11:11:44,2.580800,2025-07-17 11:11:44,2.641800,TP3,0.023636,1
DOGE/USDT,SHORT,2025-07-17 11:11:46,0.215200,2025-07-17 11:31:33,0.213580,TP1,0.007528,1
LDO/USDT,SHORT,2025-07-17 11:11:56,0.948800,2025-07-17 11:31:43,0.937800,TP1,0.011594,1
ALGO/USDT,SHORT,2025-07-17 11:11:52,0.296300,2025-07-17 11:32:58,0.292100,TP1,0.014175,1
LDO/USDT,SHORT,2025-07-17 11:13:15,0.948800,2025-07-17 11:33:02,0.934300,TP2,0.015282,1
OP/USDT,LONG,2025-07-17 12:03:19,0.716800,2025-07-17 12:06:00,0.710300,SL,-0.009068,0
ALGO/USDT,SHORT,2025-07-17 12:07:06,0.296300,2025-07-17 12:07:06,0.291900,TP2,0.014850,1
MEME/USDT,SHORT,2025-07-17 12:07:01,0.002062,2025-07-17 12:08:20,0.002020,TP2,0.020369,1
ALGO/USDT,SHORT,2025-07-17 12:08:25,0.296300,2025-07-17 12:08:25,0.290000,TP3,0.021262,1
ZRX/USDT,SHORT,2025-07-17 12:07:07,0.272700,2025-07-17 12:08:26,0.270300,TP1,0.008801,1
LDO/USDT,SHORT,2025-07-17 12:07:10,0.948800,2025-07-17 12:08:29,0.927600,TP3,0.022344,1
SOL/USDT,SHORT,2025-07-17 12:06:56,175.920000,2025-07-17 12:09:34,174.740000,TP1,0.006708,1
CAKE/USDT,LONG,2025-07-17 12:06:58,2.632100,2025-07-17 12:09:36,2.594400,SL,-0.014323,0
MEME/USDT,SHORT,2025-07-17 12:08:20,0.002062,2025-07-17 12:33:23,0.002011,TP3,0.024733,1
SOL/USDT,SHORT,2025-07-17 12:08:15,175.920000,2025-07-17 12:42:32,176.910000,SL,-0.005628,0
LINK/USDT,SHORT,2025-07-17 12:28:11,17.071000,2025-07-17 12:42:41,17.214000,SL,-0.008377,0
DOGE/USDT,SHORT,2025-07-17 12:06:59,0.215200,2025-07-17 12:49:11,0.216900,SL,-0.007900,0
WIF/USDT,SHORT,2025-07-17 12:07:02,1.093200,2025-07-17 12:49:14,1.107200,SL,-0.012806,0
XRP/USDT,SHORT,2025-07-17 12:06:57,3.259200,2025-07-17 13:16:51,3.230900,TP1,0.008683,1
XRP/USDT,SHORT,2025-07-17 12:08:16,3.259200,2025-07-17 13:34:01,3.198900,TP2,0.018501,1
OP/USDT,SHORT,2025-07-17 13:09:08,0.718700,2025-07-17 13:34:13,0.711500,TP1,0.010018,1
XRP/USDT,SHORT,2025-07-17 12:09:35,3.259200,2025-07-17 13:35:20,3.198000,TP3,0.018778,1
CAKE/USDT,LONG,2025-07-17 12:08:17,2.632100,2025-07-17 13:43:17,2.573000,TP1,-0.022454,1
POPCAT/USDT,LONG,2025-07-17 12:07:03,0.412700,2025-07-17 13:44:41,0.405900,SL,-0.016477,0
OP/USDT,SHORT,2025-07-17 13:10:27,0.718700,2025-07-17 13:44:46,0.705900,TP2,0.017810,1
LDO/USDT,SHORT,2025-07-17 12:08:29,0.948800,2025-07-17 13:44:48,0.927200,SL,0.022766,1
BNB/USDT,SHORT,2025-07-17 12:06:54,716.760000,2025-07-17 13:45:51,713.110000,TP1,0.005092,1
CAKE/USDT,LONG,2025-07-17 12:09:36,2.632100,2025-07-17 13:45:55,2.554300,TP2,-0.029558,1
ZRX/USDT,SHORT,2025-07-17 12:08:26,0.272700,2025-07-17 13:46:04,0.268700,TP2,0.014668,1
OP/USDT,SHORT,2025-07-17 13:11:46,0.718700,2025-07-17 13:46:05,0.701100,TP3,0.024489,1
BNB/USDT,SHORT,2025-07-17 12:08:13,716.760000,2025-07-17 13:57:43,721.210000,SL,-0.006208,0
WIF/USDT,SHORT,2025-07-17 12:08:21,1.093200,2025-07-17 14:33:27,1.097300,TP1,-0.003750,1
CAKE/USDT,SHORT,2025-07-17 13:07:39,2.598200,2025-07-17 14:38:40,2.625900,SL,-0.010661,0
MEME/USDT,SHORT,2025-07-17 12:09:39,0.002062,2025-07-17 14:47:56,0.002049,TP1,0.006305,1
MEME/USDT,SHORT,2025-07-17 12:10:58,0.002062,2025-07-17 14:54:31,0.002064,TP2,-0.000970,1
WIF/USDT,SHORT,2025-07-17 12:09:40,1.093200,2025-07-17 15:01:09,1.102000,TP2,-0.008050,1
SOL/USDT,LONG,2025-07-17 15:08:20,174.840000,2025-07-17 15:09:40,173.620000,SL,-0.006978,0
ALGO/USDT,LONG,2025-07-17 15:21:47,0.289800,2025-07-17 15:27:04,0.293200,TP1,0.011732,1
XRP/USDT,SHORT,2025-07-17 15:08:22,3.216700,2025-07-17 15:40:07,3.244500,SL,-0.008642,0
DOGE/USDT,SHORT,2025-07-17 15:15:00,0.210800,2025-07-17 15:40:09,0.213110,SL,-0.010958,0
ALGO/USDT,LONG,2025-07-17 15:23:06,0.289800,2025-07-17 15:40:16,0.294900,TP2,0.017598,1
CAKE/USDT,SHORT,2025-07-17 15:48:02,2.641700,2025-07-17 15:50:40,2.604000,TP1,0.014271,1
LINK/USDT,SHORT,2025-07-17 15:09:49,16.996000,2025-07-17 15:53:25,17.145000,SL,-0.008767,0
ALGO/USDT,LONG,2025-07-17 15:24:25,0.289800,2025-07-17 15:57:23,0.296600,TP3,0.023464,1
LDO/USDT,LONG,2025-07-17 15:08:34,0.937300,2025-07-17 16:11:59,0.925700,SL,-0.012376,0
CAKE/USDT,SHORT,2025-07-17 15:49:21,2.641700,2025-07-17 16:15:48,2.592800,TP2,0.018511,1
POPCAT/USDT,LONG,2025-07-17 15:23:04,0.408700,2025-07-17 16:17:12,0.401600,SL,-0.017372,0
ZRX/USDT,SHORT,2025-07-17 15:08:32,0.272700,2025-07-17 16:17:16,0.268500,TP3,0.015402,1
OP/USDT,SHORT,2025-07-17 15:09:52,0.711100,2025-07-17 16:17:17,0.703400,TP1,0.010828,1
MEME/USDT,LONG,2025-07-17 15:08:26,0.002017,2025-07-17 16:29:06,0.001980,SL,-0.018344,0
OP/USDT,SHORT,2025-07-17 15:11:12,0.711100,2025-07-17 16:29:14,0.696600,TP3,0.020391,1
BNB/USDT,LONG,2025-07-18 07:24:22,717.730000,2025-07-18 07:24:22,744.150000,TP3,0.036810,1
SOL/USDT,LONG,2025-07-18 07:24:23,173.710000,2025-07-18 07:24:23,183.150000,TP3,0.054343,1
CAKE/USDT,SHORT,2025-07-18 07:24:26,2.641700,2025-07-18 07:24:26,2.760600,SL,-0.045009,0
WIF/USDT,LONG,2025-07-18 07:24:30,1.072000,2025-07-18 07:24:30,1.124100,TP3,0.048601,1
CAKE/USDT,SHORT,2025-07-18 07:47:59,2.739400,2025-07-18 07:59:51,2.713900,TP1,0.009309,1
LDO/USDT,SHORT,2025-07-18 08:25:20,1.133000,2025-07-18 08:30:36,1.153000,SL,-0.017652,0
DOGE/USDT,SHORT,2025-07-18 08:30:26,0.241360,2025-07-18 08:35:43,0.238220,TP1,0.013010,1
CAKE/USDT,SHORT,2025-07-18 08:25:08,2.739400,2025-07-18 08:39:39,2.700300,TP2,0.014273,1
CAKE/USDT,SHORT,2025-07-18 09:18:17,2.739400,2025-07-18 09:24:53,2.686300,TP3,0.019384,1
OP/USDT,SHORT,2025-07-18 09:18:27,0.779400,2025-07-18 09:34:17,0.769100,TP1,0.013215,1
MEME/USDT,LONG,2025-07-18 09:18:20,0.002092,2025-07-18 10:05:50,0.002064,SL,-0.013384,0
OP/USDT,SHORT,2025-07-18 10:33:45,0.779400,2025-07-18 10:39:02,0.763200,TP2,0.020785,1
LINK/USDT,LONG,2025-07-18 10:40:18,18.422000,2025-07-18 10:52:10,18.549000,TP1,0.006894,1
CAKE/USDT,SHORT,2025-07-18 11:02:35,2.687900,2025-07-18 11:02:35,2.706700,SL,-0.006994,0
SOL/USDT,LONG,2025-07-18 11:02:32,179.560000,2025-07-18 11:13:06,178.280000,SL,-0.007129,0
WIF/USDT,LONG,2025-07-18 11:02:39,1.083700,2025-07-18 11:13:13,1.069500,SL,-0.013103,0
ALGO/USDT,SHORT,2025-07-18 11:02:42,0.307600,2025-07-18 11:14:35,0.304000,TP1,0.011704,1
ALGO/USDT,SHORT,2025-07-18 11:04:02,0.307600,2025-07-18 11:19:52,0.303600,TP2,0.013004,1
MEME/USDT,LONG,2025-07-18 11:02:37,0.002061,2025-07-18 11:21:06,0.002039,SL,-0.010674,0
LDO/USDT,LONG,2025-07-18 11:02:47,1.076000,2025-07-18 11:21:15,1.063300,SL,-0.011803,0
XRP/USDT,LONG,2025-07-18 11:23:34,3.467400,2025-07-18 11:23:34,3.438900,SL,-0.008219,0
LINK/USDT,LONG,2025-07-18 11:23:41,18.422000,2025-07-18 11:23:41,18.280000,SL,-0.007708,0
OP/USDT,SHORT,2025-07-18 12:29:17,0.779400,2025-07-18 12:33:17,0.790200,SL,-0.013857,0
CAKE/USDT,LONG,2025-07-18 12:29:07,2.688800,2025-07-18 12:42:28,2.709400,TP1,0.007661,1
DOGE/USDT,SHORT,2025-07-18 12:29:08,0.241360,2025-07-18 12:46:27,0.244680,SL,-0.013755,0
XRP/USDT,LONG,2025-07-18 12:29:06,3.502900,2025-07-18 12:51:43,3.527800,TP1,0.007108,1
CAKE/USDT,LONG,2025-07-18 12:30:26,2.688800,2025-07-18 12:51:44,2.723200,TP2,0.012794,1
CAKE/USDT,LONG,2025-07-18 12:31:46,2.688800,2025-07-18 12:55:45,2.739800,TP3,0.018968,1
LINK/USDT,LONG,2025-07-18 12:30:33,18.431000,2025-07-18 12:58:31,18.540000,TP2,0.005914,1
LINK/USDT,LONG,2025-07-18 12:31:53,18.431000,2025-07-18 12:59:51,18.584000,TP3,0.008301,1
XRP/USDT,LONG,2025-07-18 13:03:45,3.502900,2025-07-18 13:06:24,3.477200,SL,-0.007337,0
CAKE/USDT,SHORT,2025-07-18 13:03:47,2.731600,2025-07-18 13:07:44,2.754000,SL,-0.008200,0
SOL/USDT,SHORT,2025-07-18 13:34:11,179.770000,2025-07-18 13:34:11,181.210000,SL,-0.008010,0
XRP/USDT,SHORT,2025-07-18 13:34:12,3.486200,2025-07-18 13:34:12,3.517200,SL,-0.008892,0
WIF/USDT,LONG,2025-07-18 13:34:17,1.077000,2025-07-18 13:34:17,1.099600,TP3,0.020984,1
LINK/USDT,SHORT,2025-07-18 13:34:20,18.370000,2025-07-18 13:34:20,18.501000,SL,-0.007131,0
XRP/USDT,LONG,2025-07-18 13:34:51,3.509900,2025-07-18 13:40:08,3.543800,TP1,0.009658,1
LINK/USDT,SHORT,2025-07-18 13:34:59,18.454000,2025-07-18 13:40:15,18.595000,SL,-0.007641,0
LINK/USDT,SHORT,2025-07-18 13:36:18,18.454000,2025-07-18 14:09:21,18.688000,SL,-0.012680,0
DOGE/USDT,SHORT,2025-07-18 13:42:48,0.249130,2025-07-18 14:10:35,0.253090,SL,-0.015895,0
WIF/USDT,SHORT,2025-07-18 14:04:02,1.082400,2025-07-18 14:10:38,1.095900,SL,-0.012472,0
XRP/USDT,LONG,2025-07-18 13:36:10,3.509900,2025-07-18 14:17:09,3.474300,SL,-0.010143,0
ETH/USDT,LONG,2025-07-18 13:47:58,3655.460000,2025-07-18 14:18:24,3623.810000,SL,-0.008658,0
CAKE/USDT,SHORT,2025-07-18 13:44:06,2.773700,2025-07-18 14:18:29,2.741900,TP1,0.011465,1
BNB/USDT,SHORT,2025-07-18 13:34:49,758.350000,2025-07-18 14:21:05,751.000000,TP1,0.009692,1
CAKE/USDT,SHORT,2025-07-18 13:45:25,2.773700,2025-07-18 14:21:09,2.725800,TP2,0.017269,1
ZRX/USDT,SHORT,2025-07-18 14:17:19,0.285200,2025-07-18 14:21:18,0.282800,TP1,0.008415,1
BNB/USDT,SHORT,2025-07-18 13:36:08,758.350000,2025-07-18 14:23:44,749.510000,TP2,0.011657,1
BNB/USDT,SHORT,2025-07-18 13:37:27,758.350000,2025-07-18 14:25:03,747.400000,TP3,0.014439,1
SOL/USDT,SHORT,2025-07-18 14:18:26,179.300000,2025-07-18 14:25:04,177.880000,TP1,0.007920,1
CAKE/USDT,SHORT,2025-07-18 13:46:44,2.773700,2025-07-18 14:25:07,2.710900,TP3,0.022641,1
WIF/USDT,SHORT,2025-07-18 14:05:21,1.082400,2025-07-18 14:25:10,1.052900,TP1,0.027254,1
ALGO/USDT,SHORT,2025-07-18 13:35:00,0.307600,2025-07-18 14:25:14,0.300500,TP3,0.023082,1
ZRX/USDT,SHORT,2025-07-18 14:18:38,0.285200,2025-07-18 14:25:15,0.281000,TP2,0.014727,1
ETH/USDT,LONG,2025-07-18 13:49:17,3655.460000,2025-07-18 14:26:21,3589.760000,TP1,-0.017973,1
XRP/USDT,LONG,2025-07-18 13:37:29,3.509900,2025-07-18 14:33:02,3.423300,TP1,-0.024673,1
WIF/USDT,SHORT,2025-07-18 14:06:40,1.082400,2025-07-18 14:33:07,1.049000,TP2,0.030857,1
LINK/USDT,SHORT,2025-07-18 13:37:37,18.454000,2025-07-18 14:33:09,18.133000,TP1,0.017395,1
ZRX/USDT,SHORT,2025-07-18 14:19:58,0.285200,2025-07-18 14:33:12,0.279500,TP3,0.019986,1
ETH/USDT,LONG,2025-07-18 13:50:37,3655.460000,2025-07-18 14:35:36,3574.120000,TP2,-0.022252,1
CAKE/USDT,SHORT,2025-07-18 13:48:03,2.773700,2025-07-18 14:39:39,2.681900,SL,0.033097,1
BNB/USDT,SHORT,2025-07-18 13:38:46,758.350000,2025-07-18 14:42:13,739.650000,TP1,0.024659,1
SOL/USDT,SHORT,2025-07-18 14:19:46,179.300000,2025-07-18 14:42:14,176.930000,TP2,0.013218,1
DOGE/USDT,SHORT,2025-07-18 13:44:07,0.249130,2025-07-18 14:42:18,0.241480,TP1,0.030707,1
LINK/USDT,SHORT,2025-07-18 13:38:56,18.454000,2025-07-18 14:42:24,18.043000,TP2,0.022272,1
DOGE/USDT,SHORT,2025-07-18 13:45:27,0.249130,2025-07-18 15:12:43,0.239920,TP2,0.036969,1
ETH/USDT,LONG,2025-07-18 13:51:58,3655.460000,2025-07-18 15:17:54,3544.530000,TP3,-0.030346,1
WIF/USDT,SHORT,2025-07-18 14:07:59,1.082400,2025-07-18 15:18:03,1.038400,TP3,0.040650,1
LINK/USDT,SHORT,2025-07-18 13:40:15,18.454000,2025-07-18 15:18:05,17.946000,TP3,0.027528,1
LDO/USDT,SHORT,2025-07-18 15:10:14,1.094100,2025-07-18 15:18:11,1.073900,TP1,0.018463,1
BNB/USDT,SHORT,2025-07-18 13:40:05,758.350000,2025-07-18 15:19:14,737.510000,TP2,0.027481,1
SOL/USDT,SHORT,2025-07-18 14:21:07,179.300000,2025-07-18 15:19:16,175.720000,TP3,0.019967,1
XRP/USDT,LONG,2025-07-18 13:38:49,3.509900,2025-07-18 15:19:17,3.367700,TP3,-0.040514,1
DOGE/USDT,SHORT,2025-07-18 13:46:46,0.249130,2025-07-18 15:19:20,0.237200,TP3,0.047887,1
ZRX/USDT,SHORT,2025-07-18 14:21:18,0.285200,2025-07-18 15:19:27,0.276700,SL,0.029804,1
BNB/USDT,SHORT,2025-07-18 13:41:24,758.350000,2025-07-18 15:24:31,734.440000,TP3,0.031529,1
LDO/USDT,SHORT,2025-07-21 13:05:20,1.094100,2025-07-21 13:05:20,1.240400,SL,-0.133717,0
BNB/USDT,SHORT,2025-07-21 13:07:43,768.740000,2025-07-21 13:26:21,772.830000,SL,-0.005320,0
ETH/USDT,SHORT,2025-07-21 13:47:29,3796.400000,2025-07-21 13:50:07,3815.890000,SL,-0.005134,0
LINK/USDT,LONG,2025-07-21 13:47:41,19.800000,2025-07-21 13:52:59,20.022000,TP1,0.011212,1
LINK/USDT,LONG,2025-07-21 14:05:37,19.800000,2025-07-21 14:05:37,20.128000,TP2,0.016566,1
LINK/USDT,LONG,2025-07-21 14:18:10,19.800000,2025-07-21 14:20:48,20.175000,TP3,0.018939,1
ETH/USDT,LONG,2025-07-22 08:57:11,3689.300000,2025-07-22 08:57:11,3650.700000,SL,-0.010463,0
POPCAT/USDT,LONG,2025-07-22 08:57:22,0.424300,2025-07-22 08:57:22,0.408400,SL,-0.037473,0
LINK/USDT,LONG,2025-07-22 08:57:23,19.219000,2025-07-22 08:57:23,18.846000,SL,-0.019408,0
